ID,Task,CreatedAt,IsComplete
1,toto,2025-03-25T06:16:11+11:00,true
2,toto,2025-03-25T06:16:12+11:00,true
3,toto,2025-03-25T06:17:52+11:00,false
4,toto,2025-03-25T06:18:13+11:00,false
5,toto,2025-03-25T06:18:23+11:00,false
6,toto,2025-03-25T06:18:32+11:00,false
7,toto,2025-03-25T06:18:55+11:00,false
8,toto,2025-03-25T06:19:08+11:00,false
9,toto,2025-03-25T06:19:29+11:00,false
10,toto,2025-03-25T06:20:42+11:00,false
11,toto,2025-03-25T06:20:59+11:00,false
12,qwe,2025-03-25T06:21:24+11:00,false
13,zxc,2025-03-25T06:34:47+11:00,true
14,tidy,2025-03-25T13:57:52+11:00,false
15,tidy2,2025-03-25T13:57:59+11:00,false
